<?xml version="1.0" encoding="UTF-8" standalone="yes"?>
<addon id="repository.paws" name="Paws" version="2.6" provider-name="Paws">
	<extension point="xbmc.addon.repository" name="Paws">
		<info compressed="false">http://dl.dropbox.com/u/5262320/paws/addons.xml</info>
		<checksum>http://dl.dropbox.com/u/5262320/paws/addons.xml.md5</checksum>
		<datadir zip="true">http://dl.dropbox.com/u/5262320/paws/zips</datadir>
	</extension>
	<extension point="xbmc.addon.metadata">
		<summary>Install MY Addons</summary>
		<description>Download and install addons from Paws Repo. For more info [COLOR blue]info@carolsbar.com[/COLOR]</description>
		<platform>all</platform>
	</extension>
</addon>

